0,0,0,0,1,0,2,2,2,0,1,0,2,0,0,0.23783
0,0,0,1,0,0,0,2,2,2,1,1,1,0,0,0.68955
0,0,0,0,1,2,2,0,2,0,1,1,0,0,1,0.27135
1,0,0,0,0,2,2,0,2,0,1,0,1,1,0,0.44185
0,0,0,0,1,0,2,2,2,0,0,0,2,0,1,0.28675
1,0,0,0,0,2,2,0,2,0,0,2,1,0,0,0.40036
1,0,0,0,0,0,4,0,0,2,0,0,2,1,0,0.36688
0,0,0,1,0,0,0,6,0,0,0,1,0,1,1,0.88635
0,0,0,0,1,2,0,0,4,0,0,1,1,0,1,0.28600
0,0,0,0,1,0,2,2,2,0,1,1,1,0,0,0.25375
0,0,0,0,1,0,2,2,0,2,2,0,1,0,0,0.18580
0,0,0,0,1,0,2,2,0,2,0,1,1,1,0,0.20032
0,0,0,0,1,2,0,0,4,0,1,1,0,0,1,0.24508
0,0,0,0,1,0,0,2,4,0,1,2,0,0,0,0.29549
1,0,0,0,0,2,0,2,2,0,1,0,1,1,0,0.52293
0,0,0,0,1,4,0,0,2,0,2,0,1,0,0,0.39824
0,0,0,0,1,2,0,0,4,0,0,2,0,1,0,0.23220
1,0,0,0,0,2,2,0,2,0,1,0,0,2,0,0.50507
1,0,0,0,0,0,4,2,0,0,0,1,0,2,0,0.52401
0,0,0,0,1,0,4,0,2,0,1,0,1,1,0,0.19796
1,0,0,0,0,2,0,0,4,0,0,1,1,1,0,0.44446
1,0,0,0,0,4,0,2,0,0,1,0,1,1,0,0.55695
1,0,0,0,0,2,4,0,0,0,1,0,1,1,0,0.47069
1,0,0,0,0,2,0,2,0,2,1,1,0,1,0,0.65007
0,0,0,1,0,0,2,2,0,2,0,1,1,1,0,0.73245
0,0,0,0,1,0,2,0,4,0,0,1,2,0,0,0.15903
1,0,0,0,0,4,0,2,0,0,1,0,1,1,0,0.64154
0,0,0,1,0,0,4,2,0,0,0,0,1,1,1,0.64620
1,0,0,0,0,2,0,2,2,0,1,0,0,1,1,0.51082
0,0,1,0,0,0,4,0,2,0,1,0,0,0,2,0.87129
0,0,0,0,1,0,0,4,2,0,0,0,1,1,1,0.36236
0,0,0,0,1,6,0,0,0,0,1,0,0,1,1,0.58341
0,0,0,0,1,0,2,2,2,0,1,0,1,1,0,0.29650
1,0,0,0,0,0,2,2,2,0,1,0,2,0,0,0.36751
1,0,0,0,0,0,0,2,2,2,0,0,1,2,0,0.49531
0,0,0,1,0,0,0,0,6,0,0,1,1,0,1,0.61035
1,0,0,0,0,0,4,2,0,0,0,1,1,1,0,0.43974
0,0,0,0,1,2,2,0,0,2,2,1,0,0,0,0.26815
0,0,0,0,1,2,2,0,2,0,0,0,1,2,0,0.29341
0,0,0,0,1,2,0,0,4,0,1,2,0,0,0,0.30180
0,0,0,0,1,0,2,2,2,0,0,1,1,1,0,0.31544
0,0,0,0,1,0,0,2,2,2,0,0,1,1,1,0.36212
0,0,0,0,1,0,2,2,0,2,0,1,1,1,0,0.34126
0,0,0,1,0,0,2,2,2,0,1,0,1,0,1,0.71600
0,0,0,0,1,2,0,4,0,0,1,0,0,1,1,0.54342
1,0,0,0,0,0,2,2,2,0,1,0,0,2,0,0.37767
0,0,0,1,0,0,4,0,2,0,0,0,0,1,2,0.67301
0,0,0,1,0,0,0,4,2,0,1,0,0,1,1,0.74308
0,0,0,1,0,0,6,0,0,0,0,2,0,1,0,0.64916
1,0,0,0,0,0,2,2,2,0,0,1,1,1,0,0.40075
0,0,0,1,0,2,0,4,0,0,1,0,1,1,0,0.86682
0,0,0,0,1,0,2,2,2,0,1,1,0,1,0,0.26708
0,0,0,1,0,0,0,6,0,0,2,0,1,0,0,0.83407
0,0,0,0,1,0,0,6,0,0,0,1,2,0,0,0.42806
0,0,0,0,1,0,2,4,0,0,1,0,0,0,2,0.31588
1,0,0,0,0,2,0,0,2,2,0,0,2,1,0,0.45548
1,0,0,0,0,0,0,2,2,2,0,0,0,1,2,0.54314
0,0,0,1,0,0,0,4,2,0,0,1,0,1,1,0.84073
0,0,0,0,1,0,2,2,0,2,0,0,1,2,0,0.34066
0,0,0,0,1,2,0,0,4,0,1,0,1,0,1,0.36680
0,0,0,1,0,0,4,0,2,0,0,0,2,1,0,0.63727
1,0,0,0,0,0,2,0,2,2,1,0,0,0,2,0.36202
0,0,0,0,1,2,0,2,2,0,1,1,0,0,1,0.40433
0,0,0,0,1,0,0,0,4,2,1,1,0,0,1,0.29513
1,0,0,0,0,0,0,2,4,0,0,0,2,0,1,0.52251
1,0,0,0,0,2,2,0,2,0,1,0,1,1,0,0.37698
0,0,0,1,0,0,2,4,0,0,0,1,0,2,0,0.88564
0,0,1,0,0,0,6,0,0,0,0,1,1,0,1,0.90272
1,0,0,0,0,0,2,4,0,0,0,1,2,0,0,0.56784
1,0,0,0,0,0,2,4,0,0,1,0,2,0,0,0.54900
0,0,0,1,0,2,0,0,4,0,0,0,1,2,0,0.66240
0,0,0,1,0,2,2,0,2,0,0,0,3,0,0,0.61519
0,0,0,1,0,0,2,2,2,0,1,0,1,1,0,0.77258
1,0,0,0,0,0,2,2,2,0,0,2,0,0,1,0.41424
0,0,0,1,0,0,2,4,0,0,0,2,1,0,0,0.76900
1,0,0,0,0,0,4,2,0,0,2,0,1,0,0,0.37984
0,0,0,0,1,2,0,2,2,0,0,1,1,0,1,0.42982
1,0,0,0,0,0,4,0,2,0,2,0,0,1,0,0.31343
1,0,0,0,0,0,2,2,0,2,2,1,0,0,0,0.56120
0,0,0,0,1,0,2,2,2,0,0,0,1,1,1,0.27515
0,0,0,0,1,4,0,0,0,2,1,0,0,0,2,0.42063
0,0,0,0,1,0,0,0,2,4,2,0,0,0,1,0.28823
0,0,0,0,1,0,0,4,2,0,2,0,0,0,1,0.39465
1,0,0,0,0,0,2,2,2,0,1,1,0,1,0,0.51056
1,0,0,0,0,0,0,2,4,0,1,1,1,0,0,0.36114
0,0,1,0,0,2,0,4,0,0,1,0,1,0,1,1.03698
1,0,0,0,0,0,4,0,2,0,1,0,1,1,0,0.31796
1,0,0,0,0,2,0,2,0,2,0,0,1,2,0,0.52744
0,0,0,1,0,0,2,0,4,0,0,0,3,0,0,0.65286
0,0,1,0,0,0,0,4,2,0,1,1,0,0,1,1.11813
0,0,0,1,0,2,0,2,0,2,1,0,1,1,0,0.77305
1,0,0,0,0,2,2,2,0,0,0,1,1,1,0,0.52066
1,0,0,0,0,2,0,0,2,2,0,0,1,2,0,0.56557
0,0,0,1,0,2,2,0,2,0,1,0,1,0,1,0.70822
1,0,0,0,0,0,2,2,0,2,0,0,0,3,0,0.46110
0,0,1,0,0,0,2,0,0,4,1,0,2,0,0,0.87208
0,1,0,0,0,0,0,2,2,2,0,1,0,0,2,1.26775
1,0,0,0,0,0,0,2,4,0,0,0,1,0,2,0.38479
0,0,0,1,0,2,0,2,2,0,1,1,0,1,0,0.76941
0,0,0,1,0,2,0,2,2,0,1,1,1,0,0,0.85220
0,0,1,0,0,0,0,2,2,2,1,2,0,0,0,1.05271
0,0,0,1,0,0,2,0,2,2,0,1,0,0,2,0.70298
0,0,1,0,0,0,4,0,2,0,3,0,0,0,0,0.74813
0,0,0,1,0,0,4,2,0,0,1,0,2,0,0,0.71143
0,0,1,0,0,2,0,4,0,0,0,1,0,2,0,1.22766
0,0,0,1,0,0,0,0,2,4,0,1,1,1,0,0.66829
0,1,0,0,0,0,0,2,2,2,1,0,0,2,0,1.16209
1,0,0,0,0,0,2,2,2,0,2,0,1,0,0,0.40168
1,0,0,0,0,0,0,6,0,0,0,1,0,1,1,0.71082
0,0,0,0,1,2,0,0,4,0,0,0,2,0,1,0.35387
0,1,0,0,0,0,0,2,2,2,1,0,1,1,0,1.10886
0,0,1,0,0,2,0,2,2,0,0,1,0,2,0,1.16129
0,0,1,0,0,0,0,4,0,2,0,1,2,0,0,1.07706
0,0,1,0,0,2,0,2,2,0,0,0,0,2,1,1.06876
1,0,0,0,0,2,2,2,0,0,0,0,2,1,0,0.56156
1,0,0,0,0,0,2,2,0,2,0,2,1,0,0,0.35447
1,0,0,0,0,0,0,2,0,4,0,1,0,0,2,0.50817
0,0,0,0,1,0,0,4,2,0,0,1,0,2,0,0.37634
0,0,1,0,0,0,4,2,0,0,0,0,0,1,2,1.03364
1,0,0,0,0,2,0,4,0,0,0,1,1,0,1,0.65108
0,0,0,0,1,0,2,0,4,0,0,2,1,0,0,0.18187
1,0,0,0,0,0,6,0,0,0,1,2,0,0,0,0.42059
0,0,0,1,0,0,0,4,2,0,0,1,1,1,0,0.80524
0,0,0,1,0,0,0,2,4,0,1,0,1,1,0,0.72565
0,0,0,1,0,0,0,0,2,4,1,2,0,0,0,0.64210
1,0,0,0,0,0,2,2,2,0,2,0,0,1,0,0.35787
0,0,1,0,0,2,0,0,4,0,0,0,1,2,0,0.99575
0,0,1,0,0,0,2,0,4,0,1,1,0,1,0,0.88250
0,0,1,0,0,0,0,2,2,2,0,0,2,0,1,0.97593
0,0,1,0,0,2,0,0,2,2,1,0,0,1,1,0.91045
0,0,1,0,0,2,0,2,0,2,0,0,0,2,1,1.15313
0,0,0,1,0,2,0,0,0,4,1,0,0,1,1,0.68864
1,0,0,0,0,0,0,2,0,4,1,1,0,1,0,0.52037
0,0,0,0,1,0,4,0,2,0,1,1,1,0,0,0.18344
1,0,0,0,0,0,0,4,2,0,1,0,0,0,2,0.45182
0,0,0,1,0,2,2,0,2,0,1,0,2,0,0,0.68991
0,0,1,0,0,2,0,2,0,2,1,1,1,0,0,1.04289
1,0,0,0,0,0,2,0,2,2,0,1,1,0,1,0.43727
0,0,1,0,0,0,2,0,2,2,0,1,0,0,2,0.94476
1,0,0,0,0,2,2,0,2,0,0,1,0,0,2,0.52607
1,0,0,0,0,2,2,2,0,0,1,1,0,0,1,0.52219
0,0,0,0,1,2,0,0,2,2,0,2,0,1,0,0.25690
0,0,0,0,1,2,2,0,0,2,0,1,1,1,0,0.17629
0,0,1,0,0,2,0,2,2,0,0,1,1,1,0,1.08011
0,1,0,0,0,4,0,0,2,0,0,1,1,1,0,1.31548
1,0,0,0,0,2,2,0,0,2,1,0,1,1,0,0.50531
0,0,0,1,0,0,0,6,0,0,1,1,1,0,0,0.89077
1,0,0,0,0,2,2,0,2,0,1,0,1,1,0,0.43002
0,0,1,0,0,0,0,0,2,4,1,0,2,0,0,0.90968
1,0,0,0,0,2,0,0,2,2,2,0,0,0,1,0.50536
1,0,0,0,0,4,2,0,0,0,1,0,0,2,0,0.54369
0,0,0,0,1,4,2,0,0,0,1,1,1,0,0,0.39512
0,0,1,0,0,4,0,2,0,0,1,0,0,1,1,1.11197
0,0,0,1,0,0,2,0,2,2,0,0,0,1,2,0.68329
0,0,1,0,0,2,0,4,0,0,0,1,0,0,2,1.14709
0,1,0,0,0,0,2,2,0,2,0,1,0,1,1,1.26013
0,0,1,0,0,0,0,2,2,2,0,1,2,0,0,1.06985
1,0,0,0,0,0,0,0,4,2,0,0,1,0,2,0.38854
0,0,0,1,0,2,2,2,0,0,0,2,0,1,0,0.83349
1,0,0,0,0,0,0,2,0,4,2,0,0,1,0,0.49790
1,0,0,0,0,4,0,2,0,0,1,0,0,2,0,0.65340
1,0,0,0,0,0,0,2,2,2,0,0,2,1,0,0.50852
1,0,0,0,0,4,0,0,2,0,0,1,0,0,2,0.67161
0,1,0,0,0,0,2,2,2,0,1,0,0,1,1,1.13271
0,0,1,0,0,0,2,2,2,0,2,0,0,0,1,0.82977
0,0,0,1,0,4,0,0,2,0,0,1,1,1,0,0.74230
0,1,0,0,0,2,4,0,0,0,3,0,0,0,0,1.20667
0,0,0,1,0,4,2,0,0,0,1,1,1,0,0,0.74944
0,0,1,0,0,2,0,2,2,0,1,1,0,0,1,1.04501
0,1,0,0,0,0,0,6,0,0,1,0,0,0,2,1.28248
0,0,1,0,0,4,0,0,2,0,1,2,0,0,0,1.04678
0,1,0,0,0,2,2,0,2,0,2,0,1,0,0,1.13370
0,0,0,0,1,0,2,2,2,0,0,0,1,0,2,0.30254
1,0,0,0,0,4,0,0,2,0,0,1,1,1,0,0.58850
0,0,0,1,0,2,0,0,2,2,1,0,1,1,0,0.80211
1,0,0,0,0,2,2,0,2,0,1,1,0,1,0,0.52489
0,0,0,1,0,0,0,0,2,4,0,0,1,2,0,0.66279
0,1,0,0,0,2,0,0,2,2,1,0,2,0,0,1.13184
1,0,0,0,0,2,2,2,0,0,0,1,0,2,0,0.50211
0,0,0,1,0,0,0,6,0,0,0,0,3,0,0,0.89402
0,0,0,1,0,0,2,2,0,2,1,0,0,0,2,0.68403
0,1,0,0,0,2,2,2,0,0,0,1,1,0,1,1.19262
0,0,0,1,0,0,0,2,2,2,0,1,0,0,2,0.80205
0,0,1,0,0,0,0,0,2,4,2,0,0,0,1,0.83721
0,0,0,0,1,0,2,2,2,0,1,0,0,0,2,0.31116
0,1,0,0,0,0,2,0,2,2,0,1,1,1,0,1.14375
0,0,0,1,0,0,0,0,4,2,1,0,1,1,0,0.61964
1,0,0,0,0,0,2,2,0,2,0,0,0,1,2,0.51203
0,1,0,0,0,4,2,0,0,0,0,0,0,2,1,1.22664
0,0,1,0,0,0,0,2,4,0,1,1,0,1,0,1.07135
0,0,0,1,0,0,0,2,4,0,1,0,0,2,0,0.75445
0,0,1,0,0,0,0,2,4,0,2,0,0,0,1,0.91172
0,0,1,0,0,4,2,0,0,0,2,0,0,0,1,1.08616
0,0,0,0,1,0,0,0,4,2,1,0,0,2,0,0.27003
1,0,0,0,0,2,0,2,2,0,2,1,0,0,0,0.56118
0,0,0,1,0,2,2,0,2,0,1,0,2,0,0,0.71620
0,0,0,0,1,4,2,0,0,0,0,0,1,2,0,0.36896
1,0,0,0,0,0,0,0,4,2,0,2,0,0,1,0.40317
0,0,0,1,0,0,0,4,0,2,1,0,0,1,1,0.81409
0,1,0,0,0,0,2,0,4,0,1,0,0,0,2,1.05595
0,0,0,0,1,0,2,2,0,2,1,0,1,1,0,0.37424
0,1,0,0,0,2,0,0,4,0,0,1,1,0,1,1.13094
1,0,0,0,0,0,2,2,2,0,1,2,0,0,0,0.44223
0,1,0,0,0,2,2,2,0,0,0,0,2,0,1,1.24385
0,1,0,0,0,0,0,0,2,4,0,0,0,1,2,0.98726
1,0,0,0,0,2,0,0,2,2,0,2,0,1,0,0.53127
1,0,0,0,0,2,2,2,0,0,0,2,1,0,0,0.47265
0,0,1,0,0,2,0,2,0,2,2,1,0,0,0,1.06475
0,0,1,0,0,2,4,0,0,0,1,0,1,1,0,0.89952
0,0,0,1,0,0,2,4,0,0,0,1,2,0,0,0.78591
1,0,0,0,0,0,0,2,2,2,2,0,0,0,1,0.39132
1,0,0,0,0,0,0,2,0,4,0,2,0,0,1,0.51858
0,1,0,0,0,0,0,2,4,0,0,2,0,0,1,1.22463
0,0,1,0,0,0,4,0,0,2,0,0,0,3,0,0.88858
1,0,0,0,0,2,2,2,0,0,1,0,0,1,1,0.53646
0,1,0,0,0,0,0,4,2,0,1,0,1,0,1,1.17816
0,0,1,0,0,2,0,2,0,2,1,0,0,1,1,1.06416
0,1,0,0,0,2,2,0,0,2,0,0,1,1,1,1.18981
0,0,1,0,0,0,0,4,2,0,0,2,1,0,0,1.12906
0,1,0,0,0,2,2,0,2,0,1,1,1,0,0,1.27313
0,1,0,0,0,2,0,0,2,2,1,2,0,0,0,1.21343
0,1,0,0,0,0,0,0,0,6,2,1,0,0,0,1.08214
0,1,0,0,0,4,0,0,2,0,0,2,1,0,0,1.27985
0,1,0,0,0,4,0,0,0,2,1,2,0,0,0,1.20992
0,0,0,1,0,0,0,4,0,2,0,1,1,1,0,0.82879
0,0,0,1,0,0,2,2,2,0,1,1,1,0,0,0.70472
0,0,1,0,0,0,4,0,2,0,1,0,0,0,2,0.73277
1,0,0,0,0,0,0,0,2,4,1,0,0,2,0,0.42998
0,0,1,0,0,0,2,0,2,2,1,0,1,0,1,0.90613
1,0,0,0,0,2,2,0,2,0,0,2,0,1,0,0.47125
0,0,0,1,0,0,0,0,6,0,0,1,1,0,1,0.67973
0,0,0,0,1,2,0,2,0,2,1,1,0,0,1,0.42062
0,0,0,1,0,2,2,2,0,0,2,0,0,1,0,0.74062
0,0,0,0,1,2,2,0,2,0,1,0,0,0,2,0.32734
0,0,0,0,1,0,4,0,2,0,1,0,1,1,0,0.14045
0,0,0,1,0,2,0,0,2,2,0,0,3,0,0,0.61874
0,0,0,0,1,0,0,2,4,0,2,0,0,0,1,0.31856
1,0,0,0,0,0,6,0,0,0,0,0,1,1,1,0.30209
1,0,0,0,0,4,0,0,2,0,1,0,0,2,0,0.56737
1,0,0,0,0,2,2,0,0,2,1,1,1,0,0,0.49143
1,0,0,0,0,0,2,0,2,2,2,0,1,0,0,0.38836
1,0,0,0,0,0,2,0,4,0,0,1,0,0,2,0.34083
0,0,0,1,0,0,0,0,4,2,1,1,0,1,0,0.68657
1,0,0,0,0,0,2,4,0,0,0,0,0,2,1,0.53278
0,0,1,0,0,0,0,4,2,0,0,1,0,2,0,1.09534
0,0,0,1,0,0,4,2,0,0,1,0,0,1,1,0.67848
0,0,0,0,1,0,0,0,2,4,1,1,0,0,1,0.28877
0,0,0,1,0,2,0,0,2,2,0,0,1,1,1,0.80642
0,0,1,0,0,0,4,0,0,2,0,0,0,0,3,0.88144
0,0,0,1,0,2,0,2,0,2,0,1,0,2,0,0.75059
1,0,0,0,0,0,4,0,0,2,0,0,1,1,1,0.46158
0,1,0,0,0,0,0,4,2,0,0,0,0,3,0,1.26994
0,0,1,0,0,0,4,0,2,0,1,0,0,1,1,0.87971
1,0,0,0,0,2,0,0,2,2,2,1,0,0,0,0.54190
0,0,0,0,1,2,4,0,0,0,1,0,1,0,1,0.30455
1,0,0,0,0,2,2,2,0,0,0,2,1,0,0,0.49250
0,0,0,1,0,2,0,2,2,0,1,2,0,0,0,0.79966
0,0,0,1,0,2,0,0,2,2,1,0,2,0,0,0.78373
0,0,0,1,0,2,2,0,2,0,0,3,0,0,0,0.67845
0,0,1,0,0,2,2,2,0,0,1,0,1,0,1,0.98604
0,0,0,0,1,0,0,4,2,0,0,0,2,0,1,0.40043
1,0,0,0,0,0,0,2,2,2,1,1,0,0,1,0.56777
0,1,0,0,0,0,0,4,2,0,2,0,0,1,0,1.22965
0,0,0,0,1,2,0,2,0,2,0,0,3,0,0,0.25920
0,0,1,0,0,0,0,2,4,0,1,0,2,0,0,0.85247
0,0,1,0,0,2,2,0,2,0,1,0,1,0,1,0.91382
0,1,0,0,0,2,0,0,4,0,1,1,0,1,0,1.11389
0,0,1,0,0,4,0,2,0,0,1,0,1,0,1,1.09484
0,0,0,1,0,0,2,0,0,4,0,1,1,0,1,0.60982
0,0,0,1,0,0,2,2,2,0,1,0,1,1,0,0.73335
0,0,1,0,0,0,4,0,0,2,0,1,1,0,1,0.90600
0,0,1,0,0,0,4,0,2,0,0,0,1,1,1,0.83573
1,0,0,0,0,2,0,2,2,0,1,0,0,1,1,0.46051
1,0,0,0,0,0,2,2,0,2,1,0,1,0,1,0.45010
1,0,0,0,0,2,0,2,0,2,0,1,1,0,1,0.63615
0,0,0,1,0,2,0,2,2,0,1,0,0,2,0,0.77051
0,0,1,0,0,4,0,0,2,0,0,3,0,0,0,0.97392
0,0,0,1,0,0,2,2,2,0,1,0,0,1,1,0.75392
0,0,0,0,1,0,2,4,0,0,0,0,3,0,0,0.30583
0,0,1,0,0,0,2,0,4,0,0,2,1,0,0,0.85431
1,0,0,0,0,0,2,0,2,2,0,0,1,1,1,0.41246
0,1,0,0,0,2,0,2,0,2,0,0,1,1,1,1.14290
0,0,1,0,0,4,0,2,0,0,0,1,1,1,0,1.20339
0,1,0,0,0,0,2,2,0,2,1,0,0,0,2,1.11650
0,0,1,0,0,0,0,4,0,2,0,1,1,1,0,1.10680
0,0,1,0,0,0,2,2,0,2,0,0,1,1,1,0.97306
0,0,1,0,0,0,0,2,0,4,0,0,3,0,0,0.84484
0,0,0,0,1,4,0,2,0,0,0,0,1,1,1,0.58701
0,1,0,0,0,0,0,4,2,0,1,1,1,0,0,1.21995
0,0,0,1,0,0,0,0,2,4,1,1,0,0,1,0.72037
0,0,0,1,0,0,0,0,2,4,0,2,1,0,0,0.60111
0,1,0,0,0,0,0,4,2,0,0,0,1,2,0,1.34431
0,0,0,1,0,0,0,0,6,0,0,1,1,0,1,0.67292
1,0,0,0,0,2,2,0,2,0,0,1,1,1,0,0.38750
0,0,0,1,0,0,0,2,4,0,1,0,0,2,0,0.67664
0,0,0,1,0,0,0,0,4,2,0,1,0,1,1,0.66648
0,0,0,0,1,4,0,0,2,0,1,1,0,1,0,0.48770
0,1,0,0,0,0,0,4,0,2,1,0,0,2,0,1.23129
0,0,0,1,0,0,4,2,0,0,0,0,0,1,2,0.76128
0,0,0,0,1,2,0,2,0,2,1,1,0,0,1,0.47558
0,1,0,0,0,0,4,0,2,0,0,1,1,0,1,1.13840
1,0,0,0,0,0,0,2,4,0,0,1,0,1,1,0.52550
0,0,0,0,1,4,2,0,0,0,1,0,0,0,2,0.49300
0,0,0,1,0,0,0,4,2,0,0,0,0,2,1,0.75326
1,0,0,0,0,2,0,0,0,4,0,1,0,2,0,0.56934
0,0,0,0,1,0,2,4,0,0,0,0,0,2,1,0.35916
0,0,1,0,0,2,0,0,4,0,0,0,1,1,1,1.07136
0,0,0,0,1,2,2,0,0,2,1,0,1,1,0,0.29468
0,1,0,0,0,2,0,4,0,0,1,0,0,0,2,1.24649
0,1,0,0,0,2,0,4,0,0,0,0,1,1,1,1.32759
0,0,0,1,0,2,2,0,2,0,0,0,0,2,1,0.74972
0,0,1,0,0,2,0,2,2,0,0,1,1,1,0,1.03864
1,0,0,0,0,4,0,0,2,0,1,1,0,1,0,0.60537
0,1,0,0,0,2,0,0,2,2,0,0,1,2,0,1.13477
1,0,0,0,0,0,0,0,4,2,2,1,0,0,0,0.44439
0,0,0,1,0,0,4,0,2,0,0,2,1,0,0,0.63968
1,0,0,0,0,0,4,0,0,2,0,0,1,1,1,0.29600
1,0,0,0,0,4,0,0,0,2,0,1,1,0,1,0.57357
0,0,1,0,0,2,0,0,2,2,0,0,1,0,2,0.96902
0,1,0,0,0,0,2,0,2,2,0,0,0,1,2,1.07713
0,0,1,0,0,0,2,2,2,0,0,1,0,1,1,0.95273
1,0,0,0,0,0,2,2,0,2,0,0,3,0,0,0.54669
0,0,0,0,1,0,0,0,4,2,0,1,0,2,0,0.28959
0,0,0,0,1,0,2,4,0,0,0,1,0,1,1,0.36260
0,0,1,0,0,2,0,4,0,0,0,1,1,1,0,1.03020
1,0,0,0,0,2,0,2,0,2,1,0,2,0,0,0.54980
0,1,0,0,0,0,2,0,2,2,2,0,0,0,1,1.01878
0,1,0,0,0,0,2,0,2,2,2,0,0,1,0,1.08448
0,0,0,1,0,2,2,0,2,0,0,0,0,2,1,0.70525
0,0,0,1,0,2,2,2,0,0,0,0,2,1,0,0.80178
1,0,0,0,0,0,0,2,2,2,0,1,0,2,0,0.51897
1,0,0,0,0,0,2,2,0,2,1,1,0,1,0,0.41168
1,0,0,0,0,0,0,2,2,2,0,2,1,0,0,0.37024
0,0,1,0,0,0,4,2,0,0,0,1,0,0,2,1.02464
0,1,0,0,0,0,0,6,0,0,1,0,1,0,1,1.35992
1,0,0,0,0,0,0,2,4,0,1,2,0,0,0,0.49052
1,0,0,0,0,2,0,2,2,0,0,1,0,1,1,0.61627
0,0,0,0,1,2,4,0,0,0,1,1,0,1,0,0.33064
0,1,0,0,0,4,0,0,0,2,0,0,1,1,1,1.19592
1,0,0,0,0,2,0,0,0,4,1,1,0,0,1,0.55647
0,0,1,0,0,2,2,0,2,0,0,2,0,1,0,0.93873
1,0,0,0,0,0,0,2,4,0,3,0,0,0,0,0.33736
1,0,0,0,0,0,2,0,2,2,0,0,1,0,2,0.42472
1,0,0,0,0,2,0,0,2,2,0,1,0,1,1,0.59368
0,1,0,0,0,0,2,2,0,2,1,1,0,1,0,1.13631
0,0,0,0,1,2,0,2,2,0,1,0,0,0,2,0.37156
0,0,1,0,0,0,2,0,0,4,2,0,0,1,0,0.83317
0,1,0,0,0,4,2,0,0,0,0,0,1,1,1,1.19119
1,0,0,0,0,0,0,2,2,2,0,1,1,1,0,0.45523
0,0,0,1,0,0,0,0,0,6,0,1,2,0,0,0.66737
1,0,0,0,0,2,2,0,2,0,0,1,0,1,1,0.55556
1,0,0,0,0,2,0,2,0,2,2,0,1,0,0,0.62391
0,0,0,1,0,0,0,0,2,4,1,1,0,0,1,0.73463
0,0,0,0,1,0,0,2,4,0,2,0,0,1,0,0.32869
0,1,0,0,0,0,0,2,4,0,1,1,0,1,0,1.18066
0,0,1,0,0,2,0,0,4,0,0,1,1,1,0,0.99328
0,1,0,0,0,0,2,0,4,0,1,0,2,0,0,1.14801
1,0,0,0,0,2,0,2,2,0,1,1,0,0,1,0.58656
0,0,1,0,0,0,2,2,0,2,1,0,1,1,0,0.99736
1,0,0,0,0,2,0,2,2,0,1,1,0,0,1,0.62343
1,0,0,0,0,2,2,0,2,0,2,0,1,0,0,0.38519
0,0,0,1,0,2,0,4,0,0,0,1,1,1,0,0.92570
0,1,0,0,0,0,0,0,4,2,0,2,0,0,1,1.13416
0,0,0,1,0,2,0,0,0,4,0,1,0,2,0,0.81933
0,0,1,0,0,2,0,2,2,0,0,1,1,1,0,1.01528
0,0,0,1,0,0,0,0,2,4,1,0,1,1,0,0.71092
0,0,0,1,0,0,0,4,2,0,2,1,0,0,0,0.78957
0,1,0,0,0,0,0,2,4,0,0,2,0,1,0,1.16176
0,1,0,0,0,0,0,6,0,0,2,0,0,0,1,1.26716
0,0,0,1,0,4,2,0,0,0,1,2,0,0,0,0.79588
0,1,0,0,0,2,0,0,2,2,1,2,0,0,0,1.14516
0,0,1,0,0,2,2,0,0,2,0,1,1,0,1,0.97437
0,0,0,1,0,0,2,0,4,0,2,0,0,1,0,0.64589
0,1,0,0,0,0,2,2,0,2,1,0,1,0,1,1.11305
0,1,0,0,0,0,2,0,2,2,1,0,0,1,1,1.02488
0,0,0,1,0,0,2,2,2,0,1,1,1,0,0,0.72124
0,0,0,1,0,0,0,0,2,4,1,0,0,2,0,0.72201
0,0,1,0,0,2,0,0,0,4,0,1,0,2,0,1.09396
0,1,0,0,0,0,2,0,2,2,2,1,0,0,0,1.07935
1,0,0,0,0,0,0,4,0,2,0,0,1,1,1,0.51630
0,0,1,0,0,2,0,2,0,2,0,0,1,1,1,0.98285
0,0,0,1,0,0,4,0,0,2,1,0,0,1,1,0.63776
1,0,0,0,0,0,0,6,0,0,0,1,1,1,0,0.67419
0,0,0,0,1,0,2,2,0,2,1,0,0,2,0,0.24921
0,0,0,0,1,4,0,0,2,0,1,1,1,0,0,0.35876
0,0,1,0,0,2,2,0,2,0,2,0,1,0,0,0.85026
0,0,0,1,0,0,0,0,0,6,1,0,1,1,0,0.73287
0,0,1,0,0,0,0,0,2,4,0,1,1,0,1,0.85811
0,0,0,0,1,6,0,0,0,0,1,0,0,1,1,0.52366
0,0,0,0,1,2,4,0,0,0,1,1,0,0,1,0.38901
0,0,0,1,0,4,2,0,0,0,1,0,1,1,0,0.80560
0,0,1,0,0,2,2,2,0,0,0,1,0,1,1,1.08577
1,0,0,0,0,2,0,2,0,2,0,1,1,0,1,0.54005
0,1,0,0,0,0,0,4,0,2,0,0,1,0,2,1.22485
0,1,0,0,0,2,2,0,0,2,0,1,0,2,0,1.15562
0,0,1,0,0,2,2,0,0,2,1,0,0,0,2,0.92277
1,0,0,0,0,0,0,2,4,0,1,2,0,0,0,0.42772
0,1,0,0,0,0,0,2,2,2,1,1,0,1,0,1.18145
1,0,0,0,0,4,0,2,0,0,1,1,0,1,0,0.65907
0,1,0,0,0,0,0,0,0,6,0,2,1,0,0,1.07286
0,1,0,0,0,4,0,0,2,0,0,2,0,1,0,1.29107
0,0,1,0,0,0,4,0,2,0,1,1,1,0,0,0.91475
1,0,0,0,0,4,0,0,0,2,1,0,1,0,1,0.62589
0,0,0,1,0,4,0,2,0,0,1,0,1,1,0,0.88464
0,1,0,0,0,0,2,2,0,2,0,0,2,1,0,1.18045
0,1,0,0,0,0,2,2,2,0,0,2,0,0,1,1.21814
0,1,0,0,0,4,0,0,2,0,2,0,0,0,1,1.15592
0,0,1,0,0,0,4,0,2,0,1,1,0,1,0,0.85962
0,1,0,0,0,2,2,0,2,0,0,0,0,3,0,1.22921
1,0,0,0,0,2,2,0,0,2,1,0,0,0,2,0.39512
0,0,0,1,0,0,4,2,0,0,1,0,0,1,1,0.64935
1,0,0,0,0,0,2,4,0,0,1,0,0,2,0,0.49753
0,1,0,0,0,0,0,2,2,2,1,0,1,1,0,1.08855
0,0,0,0,1,0,2,0,2,2,1,1,0,0,1,0.29793
0,0,1,0,0,2,2,2,0,0,0,2,1,0,0,1.02301
1,0,0,0,0,2,0,0,2,2,1,0,2,0,0,0.33934
0,1,0,0,0,0,2,0,4,0,1,0,1,0,1,1.05285
0,0,1,0,0,0,0,4,0,2,1,1,0,0,1,1.17746
1,0,0,0,0,2,0,2,2,0,1,1,0,0,1,0.58015
0,1,0,0,0,0,2,0,2,2,0,2,1,0,0,1.05813
0,1,0,0,0,2,0,4,0,0,1,0,0,2,0,1.31734
0,0,0,1,0,0,2,0,4,0,0,0,0,0,3,0.72669
0,0,1,0,0,0,4,0,2,0,0,0,0,0,3,0.87242
0,0,1,0,0,2,0,0,4,0,0,0,2,1,0,0.89690
1,0,0,0,0,4,0,0,2,0,1,0,1,0,1,0.50517
0,0,1,0,0,0,0,0,4,2,0,0,1,2,0,0.92847
0,0,0,0,1,0,2,0,2,2,1,1,0,1,0,0.29173
0,0,0,1,0,2,0,2,2,0,1,0,1,1,0,0.76804
0,0,1,0,0,2,0,0,4,0,1,0,0,2,0,0.99511
0,1,0,0,0,0,0,2,4,0,0,0,0,1,2,1.22500
0,0,0,1,0,0,0,4,0,2,1,1,1,0,0,0.82771
0,0,1,0,0,0,2,0,4,0,1,0,0,1,1,0.83832
1,0,0,0,0,0,2,0,2,2,0,2,0,0,1,0.46028
0,0,1,0,0,0,4,2,0,0,1,0,1,0,1,0.83194
0,0,0,0,1,2,0,4,0,0,0,1,1,0,1,0.53295
0,0,0,1,0,2,2,2,0,0,0,1,0,1,1,0.87874
0,0,1,0,0,2,2,2,0,0,0,0,0,2,1,1.10950
0,0,0,0,1,0,2,2,2,0,0,1,1,0,1,0.30809
0,0,0,1,0,0,2,0,2,2,0,1,2,0,0,0.64959
0,0,1,0,0,0,0,4,2,0,0,1,1,0,1,1.03285
0,0,1,0,0,2,2,0,2,0,2,0,1,0,0,0.86038
0,0,0,1,0,0,0,0,0,6,0,3,0,0,0,0.65516
0,1,0,0,0,2,0,4,0,0,0,0,1,1,1,1.35495
1,0,0,0,0,0,2,2,0,2,0,0,2,0,1,0.42644
0,1,0,0,0,0,2,2,0,2,0,2,1,0,0,1.18050
0,0,0,0,1,0,0,2,0,4,1,0,0,1,1,0.31277
0,1,0,0,0,0,0,4,2,0,2,1,0,0,0,1.29750
1,0,0,0,0,0,4,2,0,0,1,0,0,2,0,0.37304
1,0,0,0,0,2,0,2,2,0,1,0,0,1,1,0.45968
1,0,0,0,0,0,0,2,2,2,1,1,0,0,1,0.58476
0,0,1,0,0,2,0,2,2,0,0,0,0,0,3,1.08189
0,1,0,0,0,0,4,2,0,0,1,1,0,1,0,1.13366
0,1,0,0,0,0,2,2,2,0,0,1,1,1,0,1.24366
1,0,0,0,0,2,0,2,2,0,1,1,1,0,0,0.60851
0,0,1,0,0,2,2,2,0,0,1,0,0,0,2,1.10611
0,0,0,0,1,0,0,2,2,2,2,0,1,0,0,0.32866
0,1,0,0,0,0,2,2,2,0,1,1,0,1,0,1.16399
0,1,0,0,0,2,0,0,4,0,1,0,0,1,1,1.08742
1,0,0,0,0,0,2,2,2,0,0,1,1,1,0,0.42215
0,1,0,0,0,0,0,2,0,4,0,1,0,0,2,1.15700
0,0,0,0,1,2,0,0,4,0,1,1,1,0,0,0.29898
0,0,0,0,1,2,0,0,4,0,0,2,0,0,1,0.35898
1,0,0,0,0,2,0,2,2,0,0,2,0,1,0,0.55737
1,0,0,0,0,2,2,0,0,2,0,2,0,0,1,0.57880
0,0,1,0,0,2,2,0,2,0,1,0,0,0,2,0.90682
1,0,0,0,0,0,0,4,2,0,0,1,0,0,2,0.67502
0,0,1,0,0,2,0,0,0,4,0,1,0,1,1,1.05457
0,0,0,0,1,2,2,0,0,2,0,0,2,1,0,0.30300
0,1,0,0,0,4,2,0,0,0,1,0,1,0,1,1.25073
0,0,0,1,0,2,0,0,2,2,0,0,1,0,2,0.70408
0,0,1,0,0,0,2,2,0,2,1,0,2,0,0,0.92855
0,0,0,0,1,0,0,0,0,6,1,2,0,0,0,0.23595
0,0,1,0,0,2,0,4,0,0,0,0,0,2,1,1.12437
1,0,0,0,0,2,0,0,4,0,1,0,0,0,2,0.53270
0,1,0,0,0,0,4,0,2,0,1,0,1,0,1,0.98168
0,0,0,1,0,2,0,2,0,2,2,0,0,0,1,0.77139
0,0,1,0,0,0,0,6,0,0,0,0,0,2,1,1.25285
0,1,0,0,0,2,0,2,2,0,0,1,1,1,0,1.30981
1,0,0,0,0,0,0,6,0,0,0,0,1,1,1,0.61264
0,0,0,1,0,0,2,2,0,2,0,0,0,2,1,0.71350
1,0,0,0,0,0,2,2,2,0,1,1,1,0,0,0.53379
0,0,0,0,1,2,2,0,2,0,1,1,0,1,0,0.29011
0,0,0,0,1,4,2,0,0,0,0,1,0,1,1,0.48354
0,0,0,0,1,2,0,2,0,2,0,1,0,2,0,0.44077
0,0,1,0,0,0,2,2,0,2,1,0,0,1,1,0.94902
0,0,0,0,1,2,2,0,0,2,1,0,0,1,1,0.31216
0,0,0,1,0,2,0,0,4,0,0,1,1,1,0,0.72964
0,0,0,0,1,0,0,2,4,0,1,1,0,1,0,0.28636
0,1,0,0,0,0,0,0,4,2,0,0,2,0,1,0.99498
0,1,0,0,0,0,2,0,4,0,1,1,0,1,0,1.05685
0,0,0,0,1,0,0,2,2,2,1,0,1,0,1,0.36058
0,0,1,0,0,0,0,2,4,0,0,2,0,1,0,1.00532
0,0,0,0,1,0,0,2,2,2,2,0,1,0,0,0.29357
0,0,0,0,1,0,0,2,2,2,0,0,1,1,1,0.36814
0,0,0,0,1,0,4,0,2,0,1,1,1,0,0,0.23644
0,1,0,0,0,2,0,0,2,2,1,0,1,1,0,1.06780
1,0,0,0,0,2,4,0,0,0,1,0,1,0,1,0.34348
0,1,0,0,0,2,2,0,2,0,0,0,1,2,0,1.11471
0,0,0,1,0,4,0,0,2,0,0,1,0,1,1,0.86939
1,0,0,0,0,0,0,4,0,2,0,2,0,0,1,0.55312
0,0,1,0,0,2,0,2,0,2,0,1,1,1,0,0.99454
0,0,0,1,0,2,0,0,4,0,0,2,0,1,0,0.74176
0,0,0,0,1,6,0,0,0,0,0,0,1,2,0,0.43924
1,0,0,0,0,6,0,0,0,0,2,0,1,0,0,0.68727
0,0,1,0,0,0,4,2,0,0,2,0,0,1,0,0.95878
1,0,0,0,0,0,0,6,0,0,1,0,1,0,1,0.67854
0,1,0,0,0,2,0,2,2,0,0,2,1,0,0,1.25029
0,0,1,0,0,2,2,2,0,0,0,0,2,1,0,1.06784
0,0,1,0,0,0,2,4,0,0,0,1,1,0,1,1.10392
0,0,1,0,0,0,4,2,0,0,0,1,0,1,1,1.00906
0,0,1,0,0,2,2,0,0,2,2,1,0,0,0,0.93096
0,0,0,0,1,0,2,2,2,0,1,0,1,1,0,0.22349
0,0,1,0,0,0,2,0,2,2,1,0,0,2,0,0.90865
1,0,0,0,0,0,2,2,0,2,0,0,0,0,3,0.54534
0,1,0,0,0,2,2,0,2,0,0,2,0,1,0,1.19196
0,0,0,0,1,4,0,0,2,0,1,0,0,1,1,0.40680
0,0,0,1,0,2,0,2,2,0,0,0,0,2,1,0.82980
0,0,0,0,1,0,2,0,4,0,1,0,1,1,0,0.21149
0,0,0,0,1,0,0,2,4,0,2,0,1,0,0,0.20063
0,0,0,1,0,2,0,2,0,2,0,1,2,0,0,0.67083
0,0,1,0,0,0,0,0,4,2,1,2,0,0,0,0.95216
1,0,0,0,0,4,0,0,0,2,0,0,2,1,0,0.54342
1,0,0,0,0,4,0,2,0,0,0,2,0,0,1,0.72527
0,1,0,0,0,2,2,0,2,0,0,0,1,2,0,1.17260
0,0,0,0,1,2,2,2,0,0,2,0,1,0,0,0.34609
0,0,0,1,0,2,0,0,2,2,0,0,2,0,1,0.73881
0,1,0,0,0,0,0,2,0,4,0,2,0,0,1,1.24874
0,1,0,0,0,2,0,0,2,2,0,0,1,1,1,1.13919
0,1,0,0,0,0,0,4,0,2,1,0,0,0,2,1.21444
1,0,0,0,0,6,0,0,0,0,1,0,1,1,0,0.69870
0,0,1,0,0,2,0,0,2,2,1,0,1,0,1,0.90884
1,0,0,0,0,2,0,0,0,4,0,1,0,1,1,0.59158
0,0,1,0,0,2,0,2,2,0,2,1,0,0,0,1.02296
0,0,0,0,1,2,0,0,4,0,0,0,0,3,0,0.26555
1,0,0,0,0,0,2,0,0,4,2,0,1,0,0,0.44530
0,0,0,0,1,0,0,2,4,0,0,0,2,1,0,0.24447
0,1,0,0,0,2,4,0,0,0,0,2,0,1,0,1.20430
0,0,0,1,0,0,0,0,0,6,0,0,0,2,1,0.64368
0,1,0,0,0,2,0,0,4,0,1,0,0,0,2,1.12248
0,0,1,0,0,2,0,0,2,2,0,1,0,1,1,1.07714
0,0,0,1,0,2,2,0,2,0,0,1,1,0,1,0.76753
1,0,0,0,0,2,2,0,2,0,0,1,0,0,2,0.50535
0,1,0,0,0,2,0,0,2,2,0,1,1,0,1,1.25741
0,1,0,0,0,4,0,0,0,2,1,0,0,0,2,1.21660
0,0,0,0,1,0,2,2,2,0,0,0,0,2,1,0.29965
0,0,0,0,1,2,0,0,2,2,0,1,0,0,2,0.40422
0,0,0,0,1,0,2,0,2,2,0,1,0,0,2,0.36241
0,0,0,1,0,0,0,2,0,4,0,1,2,0,0,0.68596
0,0,0,1,0,4,0,0,0,2,1,0,0,2,0,0.80451
0,0,1,0,0,2,2,2,0,0,0,1,2,0,0,1.08950
0,1,0,0,0,2,0,0,2,2,1,0,2,0,0,1.09456
0,0,0,1,0,0,2,2,0,2,0,1,0,2,0,0.74061
0,0,0,1,0,2,2,2,0,0,3,0,0,0,0,0.85361
0,1,0,0,0,4,0,0,2,0,1,1,1,0,0,1.24596
0,0,0,0,1,4,0,0,0,2,0,1,0,1,1,0.38763
0,1,0,0,0,2,2,2,0,0,1,0,2,0,0,1.23849
0,1,0,0,0,0,2,2,0,2,1,1,1,0,0,1.16160
0,1,0,0,0,0,0,2,4,0,0,1,0,1,1,1.17660
1,0,0,0,0,0,2,4,0,0,2,1,0,0,0,0.53818
0,0,1,0,0,2,4,0,0,0,1,1,0,1,0,1.11220
0,1,0,0,0,0,4,2,0,0,0,0,0,0,3,1.18947
0,0,1,0,0,2,0,0,2,2,1,0,0,0,2,0.98971
0,1,0,0,0,2,0,2,0,2,0,2,0,1,0,1.26311
1,0,0,0,0,0,2,0,2,2,2,0,0,0,1,0.38864
0,1,0,0,0,0,0,4,0,2,0,1,0,0,2,1.25492
0,0,0,1,0,0,0,4,2,0,0,2,1,0,0,0.70084
0,0,1,0,0,2,0,4,0,0,0,1,1,1,0,1.07241
0,0,0,1,0,2,0,2,2,0,2,0,0,1,0,0.75010
0,1,0,0,0,0,2,2,0,2,1,1,0,1,0,1.18574
0,0,1,0,0,0,4,0,2,0,0,0,2,0,1,0.88433
0,1,0,0,0,0,2,0,4,0,1,0,1,0,1,1.07544
0,0,0,0,1,0,2,2,0,2,1,0,1,1,0,0.32439
0,1,0,0,0,0,4,0,0,2,0,2,0,1,0,1.05281
1,0,0,0,0,2,2,0,2,0,0,1,0,1,1,0.51653
0,0,0,1,0,0,2,0,2,2,1,0,1,0,1,0.62459
0,1,0,0,0,0,2,2,0,2,1,0,2,0,0,1.11000
1,0,0,0,0,0,2,4,0,0,0,1,1,0,1,0.60905
0,0,0,1,0,0,0,4,0,2,1,0,1,0,1,0.80054
0,0,0,1,0,2,0,4,0,0,0,0,1,2,0,0.89109
1,0,0,0,0,0,0,2,0,4,1,1,0,1,0,0.58108
1,0,0,0,0,2,0,0,4,0,1,2,0,0,0,0.47546
0,0,1,0,0,4,2,0,0,0,0,1,1,0,1,1.07301
1,0,0,0,0,0,4,0,0,2,0,0,1,0,2,0.33633
0,0,0,0,1,4,2,0,0,0,1,1,0,0,1,0.43402
0,0,0,0,1,4,0,0,0,2,1,0,0,1,1,0.47035
0,0,0,0,1,0,0,4,2,0,0,0,3,0,0,0.32502
0,0,0,0,1,0,0,0,2,4,0,0,1,0,2,0.29605
1,0,0,0,0,0,2,2,2,0,1,0,1,0,1,0.56348
1,0,0,0,0,0,2,0,0,4,1,0,1,1,0,0.37638
0,0,0,0,1,4,0,2,0,0,0,2,0,1,0,0.38483
0,0,0,1,0,0,0,2,0,4,0,0,2,1,0,0.71817
0,0,0,0,1,0,0,2,2,2,1,1,1,0,0,0.34016
0,0,0,1,0,2,0,2,2,0,1,0,0,1,1,0.76501
0,0,0,1,0,0,2,0,4,0,1,0,0,1,1,0.56766
1,0,0,0,0,2,0,0,2,2,0,0,0,1,2,0.43141
0,0,1,0,0,2,0,0,2,2,0,0,0,1,2,0.91443
1,0,0,0,0,0,0,2,2,2,1,0,1,1,0,0.43614
1,0,0,0,0,0,2,0,0,4,2,0,0,1,0,0.38682
0,1,0,0,0,0,2,0,0,4,0,0,1,1,1,1.09247
0,0,1,0,0,0,2,0,2,2,0,0,0,2,1,0.90390
0,1,0,0,0,0,2,2,2,0,0,1,1,0,1,1.28951
1,0,0,0,0,0,4,0,2,0,0,0,0,1,2,0.37617
0,0,1,0,0,0,4,0,2,0,0,0,1,0,2,0.88431
0,0,0,0,1,0,0,2,2,2,1,2,0,0,0,0.16229
0,0,1,0,0,2,0,2,0,2,2,1,0,0,0,1.12051
0,1,0,0,0,2,4,0,0,0,0,2,1,0,0,1.18331
0,0,0,1,0,0,2,0,4,0,1,0,0,0,2,0.68537
1,0,0,0,0,0,2,0,4,0,1,1,0,0,1,0.37946
0,0,0,0,1,0,0,2,2,2,0,2,0,1,0,0.25795
1,0,0,0,0,2,4,0,0,0,1,1,0,0,1,0.49519
0,0,1,0,0,4,0,0,2,0,0,0,1,1,1,1.03013
0,0,1,0,0,2,0,2,2,0,2,0,0,0,1,0.96795
0,0,0,0,1,2,0,2,2,0,0,0,0,0,3,0.44056
0,1,0,0,0,2,0,2,0,2,1,0,2,0,0,1.28397
0,1,0,0,0,0,2,2,2,0,1,0,2,0,0,1.08314
1,0,0,0,0,4,2,0,0,0,2,0,1,0,0,0.56073
0,0,0,0,1,0,4,2,0,0,0,0,2,1,0,0.18924
0,0,1,0,0,4,0,0,0,2,0,2,0,0,1,1.12405
0,0,0,1,0,2,0,0,2,2,0,1,0,0,2,0.85576
0,0,0,1,0,4,0,2,0,0,1,1,0,1,0,0.89658
1,0,0,0,0,0,0,4,0,2,1,2,0,0,0,0.56166
0,1,0,0,0,2,2,0,0,2,0,0,0,2,1,1.15006
0,0,0,0,1,2,4,0,0,0,3,0,0,0,0,0.25143
0,0,0,1,0,4,0,0,2,0,1,0,1,0,1,0.82181
0,0,1,0,0,0,2,2,2,0,1,0,1,1,0,0.94585
0,1,0,0,0,0,0,2,0,4,0,1,1,0,1,1.22109
0,0,1,0,0,2,0,2,0,2,0,1,1,1,0,1.02059
0,0,0,1,0,0,0,2,4,0,0,1,0,1,1,0.75303
0,0,0,0,1,2,0,0,2,2,1,0,0,2,0,0.41558
0,0,1,0,0,0,0,0,0,6,0,0,2,0,1,1.00759
0,0,1,0,0,4,0,0,0,2,0,0,2,1,0,0.96134
0,0,0,0,1,0,2,0,4,0,1,1,0,1,0,0.23065
0,1,0,0,0,2,2,2,0,0,2,1,0,0,0,1.17931
0,0,1,0,0,0,2,2,2,0,2,0,0,1,0,0.98659
0,0,0,1,0,0,0,0,0,6,0,1,1,0,1,0.67920
1,0,0,0,0,2,0,2,0,2,0,1,1,0,1,0.54329
1,0,0,0,0,2,2,2,0,0,1,1,0,0,1,0.54314
0,0,0,1,0,2,4,0,0,0,0,3,0,0,0,0.62019
0,0,0,0,1,0,2,0,0,4,1,0,0,0,2,0.25528
0,1,0,0,0,2,4,0,0,0,0,2,0,1,0,1.23763
0,1,0,0,0,4,0,0,0,2,0,0,2,1,0,1.21038
0,0,0,1,0,0,0,2,0,4,1,1,0,0,1,0.75038
0,0,0,0,1,0,0,0,2,4,1,0,2,0,0,0.24202
1,0,0,0,0,0,0,2,2,2,0,2,1,0,0,0.33455
0,0,1,0,0,0,2,0,2,2,1,0,0,2,0,0.87095
0,1,0,0,0,0,2,2,0,2,0,0,0,2,1,1.16307
0,0,1,0,0,0,0,4,2,0,0,0,0,1,2,0.95068
0,1,0,0,0,4,0,2,0,0,0,0,1,1,1,1.34633
0,0,1,0,0,0,2,2,0,2,1,1,0,0,1,1.00228
0,0,1,0,0,0,2,4,0,0,1,0,2,0,0,0.98863
0,0,0,1,0,2,0,2,2,0,1,1,0,1,0,0.80477
0,0,1,0,0,0,4,0,2,0,0,2,1,0,0,0.85343
0,0,0,0,1,2,2,2,0,0,1,0,0,0,2,0.39604
0,0,1,0,0,2,0,0,4,0,2,0,0,1,0,0.92112
0,0,1,0,0,0,0,0,0,6,2,0,1,0,0,0.85562
0,0,0,1,0,0,0,4,2,0,0,1,1,0,1,0.83920
0,0,1,0,0,0,0,2,4,0,0,1,0,0,2,1.01677
0,0,0,1,0,0,6,0,0,0,1,1,0,1,0,0.69599
0,0,0,1,0,4,0,0,0,2,1,0,2,0,0,0.81733
0,0,1,0,0,2,2,0,2,0,0,1,1,1,0,0.95992
0,1,0,0,0,0,0,0,4,2,0,1,2,0,0,1.09591
0,0,0,1,0,2,0,0,4,0,0,0,0,2,1,0.73505
0,1,0,0,0,0,2,0,4,0,1,0,0,1,1,1.03486
0,0,1,0,0,2,4,0,0,0,0,1,0,1,1,1.03020
0,0,0,0,1,2,0,0,4,0,0,1,0,1,1,0.29359
0,1,0,0,0,4,0,0,2,0,1,0,0,2,0,1.34046
0,1,0,0,0,4,0,0,2,0,0,1,1,0,1,1.24610
0,1,0,0,0,0,2,2,0,2,0,0,2,1,0,1.16052
1,0,0,0,0,2,2,2,0,0,1,0,1,0,1,0.55974
0,0,0,0,1,0,2,2,0,2,1,1,1,0,0,0.27944
1,0,0,0,0,2,2,2,0,0,0,1,1,0,1,0.59672
0,0,0,1,0,2,0,2,0,2,1,0,1,1,0,0.82369
0,0,1,0,0,2,2,0,2,0,0,1,1,0,1,0.99050
0,1,0,0,0,2,0,0,2,2,0,1,0,1,1,1.28548
0,0,0,1,0,0,0,4,2,0,1,0,0,0,2,0.79780
0,0,0,1,0,0,0,2,2,2,0,1,0,1,1,0.78864
1,0,0,0,0,0,2,2,2,0,0,0,0,2,1,0.47347
0,0,0,1,0,2,0,2,0,2,1,0,0,2,0,0.76933
0,0,1,0,0,0,0,4,0,2,1,0,0,0,2,0.98887
1,0,0,0,0,0,2,2,0,2,1,0,0,1,1,0.36896
0,0,0,1,0,2,2,0,0,2,1,1,1,0,0,0.65786
0,0,1,0,0,2,2,0,2,0,0,2,1,0,0,0.98317
0,0,0,1,0,0,2,0,2,2,1,0,1,1,0,0.60592
0,0,1,0,0,0,2,4,0,0,0,0,0,1,2,0.98599
1,0,0,0,0,4,0,0,0,2,1,1,0,1,0,0.58588
1,0,0,0,0,2,2,2,0,0,0,0,2,0,1,0.45390
0,0,0,0,1,2,2,0,2,0,0,0,1,1,1,0.34864
0,0,0,1,0,0,2,0,4,0,0,1,1,1,0,0.63455
0,0,1,0,0,0,6,0,0,0,0,1,0,2,0,0.94661
0,0,1,0,0,0,0,2,4,0,1,0,2,0,0,0.98128
0,0,0,1,0,4,0,2,0,0,1,0,1,1,0,0.86858
0,0,1,0,0,2,2,0,2,0,1,0,1,1,0,0.98947
0,0,0,0,1,4,0,0,0,2,1,0,1,0,1,0.48182
0,1,0,0,0,2,0,2,0,2,1,2,0,0,0,1.29780
0,0,0,1,0,4,0,0,0,2,1,1,1,0,0,0.82494
0,0,0,1,0,2,0,0,4,0,0,1,1,0,1,0.78765
0,0,0,0,1,4,0,0,0,2,1,1,1,0,0,0.45033
0,1,0,0,0,0,2,2,0,2,1,0,0,1,1,0.97617
0,0,0,0,1,0,2,0,2,2,0,3,0,0,0,0.09074
0,0,0,1,0,2,0,0,2,2,1,1,0,1,0,0.73733
0,1,0,0,0,2,2,0,2,0,2,0,0,0,1,1.16229
1,0,0,0,0,0,2,2,0,2,0,0,1,0,2,0.44619
0,0,1,0,0,2,2,0,0,2,0,0,3,0,0,0.87273
1,0,0,0,0,0,0,2,4,0,2,1,0,0,0,0.53226
0,1,0,0,0,2,2,0,0,2,0,1,0,1,1,1.19802
0,0,0,1,0,4,2,0,0,0,0,2,0,1,0,0.74885
0,0,0,0,1,2,0,2,0,2,0,1,1,0,1,0.40147
0,0,0,0,1,0,4,2,0,0,0,0,1,2,0,0.20595
0,0,1,0,0,0,2,2,2,0,1,1,1,0,0,0.99169
0,0,1,0,0,0,0,6,0,0,1,1,0,1,0,1.28435
0,0,1,0,0,0,0,4,2,0,1,1,1,0,0,1.09867
0,1,0,0,0,0,0,2,2,2,0,0,2,1,0,1.21130
0,0,0,0,1,4,0,0,2,0,0,1,0,1,1,0.45520
0,0,0,0,1,0,0,4,2,0,1,0,2,0,0,0.38298
0,0,0,1,0,2,0,4,0,0,0,0,1,2,0,0.91007
0,0,0,1,0,2,4,0,0,0,1,0,1,0,1,0.69674
1,0,0,0,0,2,0,0,2,2,0,0,1,1,1,0.39441
0,0,0,1,0,2,0,2,2,0,0,0,1,0,2,0.82513
0,0,0,0,1,6,0,0,0,0,1,0,0,1,1,0.59209
0,0,1,0,0,2,0,2,0,2,0,2,0,1,0,1.01565
0,0,1,0,0,0,0,0,6,0,1,0,0,1,1,0.96972
0,1,0,0,0,2,0,2,2,0,2,0,0,1,0,1.21571
0,0,1,0,0,4,0,2,0,0,0,2,0,1,0,1.21024
0,0,0,1,0,0,4,0,2,0,0,1,0,1,1,0.64199
1,0,0,0,0,0,0,2,2,2,0,1,1,1,0,0.46430
0,0,0,0,1,2,0,0,4,0,0,2,0,0,1,0.38709
0,0,0,1,0,0,0,2,4,0,0,1,1,1,0,0.70986
1,0,0,0,0,0,2,0,4,0,3,0,0,0,0,0.27028
0,0,0,1,0,2,2,0,2,0,0,0,1,1,1,0.80206
0,0,0,1,0,4,2,0,0,0,1,1,1,0,0,0.84080
1,0,0,0,0,2,2,0,0,2,1,0,1,0,1,0.40854
1,0,0,0,0,2,2,2,0,0,0,1,0,1,1,0.49716
0,0,0,0,1,4,0,2,0,0,0,0,1,1,1,0.46441
1,0,0,0,0,4,0,0,2,0,0,2,0,1,0,0.55189
0,0,0,1,0,0,0,2,4,0,1,0,2,0,0,0.72722
0,1,0,0,0,2,0,4,0,0,0,1,2,0,0,1.27566
0,0,0,0,1,2,4,0,0,0,1,1,0,1,0,0.29566
0,0,1,0,0,2,2,2,0,0,1,0,1,0,1,1.03097
0,1,0,0,0,4,0,2,0,0,1,0,1,0,1,1.28422
0,0,0,0,1,0,0,4,2,0,0,0,2,1,0,0.34090
0,1,0,0,0,2,0,0,4,0,0,0,1,1,1,1.21493
0,0,0,0,1,0,0,6,0,0,0,1,1,0,1,0.44681
0,0,1,0,0,0,0,0,6,0,0,1,1,1,0,0.81380
0,0,0,0,1,4,0,2,0,0,2,0,1,0,0,0.51887
0,0,0,0,1,2,2,2,0,0,2,0,0,1,0,0.38059
1,0,0,0,0,4,2,0,0,0,1,1,1,0,0,0.59860
0,0,0,1,0,2,2,0,2,0,1,0,0,0,2,0.69149
0,1,0,0,0,2,0,2,2,0,1,0,0,2,0,1.21946
0,0,1,0,0,2,0,2,0,2,1,2,0,0,0,1.16956
0,0,1,0,0,4,0,2,0,0,1,1,1,0,0,1.08152
1,0,0,0,0,0,2,2,2,0,1,1,0,0,1,0.53188
0,0,1,0,0,2,2,2,0,0,1,0,0,2,0,1.14843
0,0,0,0,1,0,0,0,4,2,0,0,2,0,1,0.29754
0,0,1,0,0,0,4,0,2,0,0,1,2,0,0,0.84491
1,0,0,0,0,2,0,4,0,0,0,1,0,1,1,0.65818
0,0,0,1,0,2,2,0,2,0,1,1,1,0,0,0.72495
0,0,1,0,0,2,2,0,2,0,1,1,1,0,0,0.96492
0,1,0,0,0,0,0,2,4,0,3,0,0,0,0,1.20793
1,0,0,0,0,2,0,0,4,0,1,0,1,0,1,0.50707
0,0,0,1,0,2,2,0,0,2,2,1,0,0,0,0.79779
0,0,1,0,0,0,2,0,4,0,0,0,0,0,3,0.87586
1,0,0,0,0,2,2,2,0,0,0,0,1,2,0,0.51081
1,0,0,0,0,2,0,2,0,2,1,0,0,0,2,0.54427
0,0,1,0,0,6,0,0,0,0,1,1,0,1,0,1.12747
1,0,0,0,0,0,4,0,2,0,1,0,2,0,0,0.27125
1,0,0,0,0,0,2,2,0,2,1,2,0,0,0,0.42580
0,1,0,0,0,0,0,2,0,4,0,0,1,0,2,1.01219
0,1,0,0,0,0,2,0,4,0,1,1,0,1,0,1.07628
0,0,1,0,0,2,4,0,0,0,0,0,1,1,1,1.03125
0,0,1,0,0,2,0,4,0,0,0,0,2,0,1,1.04335
0,0,1,0,0,0,6,0,0,0,1,0,1,0,1,0.77698
0,0,0,1,0,2,0,0,4,0,0,1,0,1,1,0.73555
0,1,0,0,0,4,0,0,0,2,0,1,1,1,0,1.20707
0,0,1,0,0,2,2,0,0,2,0,2,0,0,1,1.00065
0,0,0,0,1,0,2,2,0,2,1,1,0,1,0,0.26352
1,0,0,0,0,0,2,0,4,0,0,2,1,0,0,0.31102
0,1,0,0,0,0,4,0,2,0,0,0,0,1,2,1.09011
0,0,0,0,1,0,0,2,2,2,1,0,0,0,2,0.32367
0,0,0,0,1,2,4,0,0,0,0,1,0,2,0,0.24415
0,1,0,0,0,2,0,0,2,2,1,0,1,1,0,1.15491
0,1,0,0,0,2,0,2,0,2,1,0,1,1,0,1.21420
0,0,1,0,0,4,0,0,0,2,1,1,0,1,0,1.11984
0,1,0,0,0,0,0,0,2,4,1,0,0,2,0,1.08567
0,0,1,0,0,2,0,2,0,2,0,0,0,1,2,1.02956
0,0,0,1,0,0,0,2,0,4,0,0,1,2,0,0.70057
1,0,0,0,0,2,4,0,0,0,1,0,1,0,1,0.37428
0,1,0,0,0,2,0,4,0,0,0,0,1,1,1,1.32767
0,0,0,0,1,0,2,2,0,2,0,0,1,1,1,0.36403
0,0,0,1,0,0,2,0,2,2,1,2,0,0,0,0.67710
0,0,0,1,0,2,0,2,2,0,2,0,0,0,1,0.79002
1,0,0,0,0,0,0,2,0,4,0,2,0,0,1,0.56387
1,0,0,0,0,0,0,0,0,6,1,1,1,0,0,0.46100
0,0,1,0,0,4,0,0,2,0,1,0,0,1,1,1.11669
0,0,1,0,0,0,2,0,2,2,2,0,1,0,0,0.88968
0,0,0,1,0,2,2,0,0,2,1,0,2,0,0,0.62832
0,0,0,1,0,0,2,0,2,2,1,0,0,2,0,0.61637
0,0,0,1,0,0,2,2,2,0,0,0,2,0,1,0.69874
0,0,0,0,1,2,2,0,0,2,0,0,1,2,0,0.29290
0,0,0,0,1,0,2,4,0,0,1,2,0,0,0,0.44725
0,1,0,0,0,2,0,2,2,0,0,1,0,0,2,1.31268
1,0,0,0,0,0,2,0,2,2,1,0,2,0,0,0.36885
0,0,0,1,0,2,0,0,2,2,0,1,2,0,0,0.69362
0,0,1,0,0,2,2,0,0,2,0,2,0,1,0,0.95859
0,0,0,1,0,4,2,0,0,0,1,1,0,1,0,0.90463
0,0,0,0,1,0,0,0,0,6,0,2,1,0,0,0.11337
0,0,0,1,0,0,0,2,0,4,1,1,1,0,0,0.75502
0,0,0,1,0,2,0,4,0,0,1,0,1,1,0,0.88757
0,0,0,0,1,0,4,0,0,2,1,0,1,1,0,0.20459
1,0,0,0,0,4,2,0,0,0,0,0,2,1,0,0.52973
1,0,0,0,0,2,0,0,2,2,0,1,0,0,2,0.61005
0,0,0,0,1,0,2,0,2,2,0,1,0,1,1,0.27031
0,1,0,0,0,0,2,2,2,0,0,2,0,1,0,1.21735
0,1,0,0,0,0,0,2,4,0,1,1,1,0,0,1.14727
0,1,0,0,0,0,0,2,2,2,1,1,1,0,0,1.21265
0,0,0,0,1,0,4,2,0,0,0,0,1,2,0,0.24491
0,0,1,0,0,2,4,0,0,0,0,0,0,2,1,1.06562
0,0,0,0,1,2,2,0,2,0,1,1,0,1,0,0.35517
0,0,1,0,0,0,0,0,0,6,0,0,1,2,0,0.90387
0,0,0,1,0,0,2,2,0,2,0,1,2,0,0,0.65199
0,1,0,0,0,0,2,0,4,0,0,1,0,2,0,1.09896
0,0,0,1,0,2,0,4,0,0,0,0,2,1,0,0.88017
1,0,0,0,0,2,0,2,2,0,0,2,1,0,0,0.47685
1,0,0,0,0,2,2,0,2,0,0,0,2,0,1,0.47719
0,0,1,0,0,2,0,0,2,2,0,0,1,1,1,1.00455
1,0,0,0,0,0,0,2,0,4,1,0,2,0,0,0.34160
0,1,0,0,0,2,2,0,2,0,1,0,1,1,0,1.21986
0,1,0,0,0,2,0,4,0,0,2,1,0,0,0,1.40808
1,0,0,0,0,0,2,2,2,0,0,0,1,2,0,0.49104
0,0,0,1,0,0,2,0,0,4,1,1,0,1,0,0.66101
0,0,0,1,0,0,4,0,2,0,0,2,0,1,0,0.66131
1,0,0,0,0,0,2,4,0,0,1,0,1,0,1,0.55899
0,1,0,0,0,0,2,2,2,0,0,0,1,2,0,1.19406
0,1,0,0,0,0,2,0,0,4,2,0,0,0,1,0.94411
0,1,0,0,0,0,0,0,0,6,1,1,1,0,0,1.14880
0,1,0,0,0,0,0,0,4,2,1,0,0,2,0,1.04574
0,0,0,0,1,2,2,0,0,2,0,0,1,2,0,0.31370
1,0,0,0,0,0,2,0,2,2,2,0,0,1,0,0.44141
1,0,0,0,0,2,0,0,2,2,0,1,0,0,2,0.65508
0,0,0,1,0,0,4,2,0,0,1,1,0,0,1,0.78046
0,0,0,0,1,2,2,0,2,0,0,1,1,0,1,0.30147
0,0,0,0,1,2,0,2,2,0,0,0,1,1,1,0.37109
0,0,1,0,0,2,0,0,0,4,0,1,1,1,0,0.99454
0,0,1,0,0,0,2,2,2,0,1,0,0,0,2,0.93794
1,0,0,0,0,2,0,0,0,4,2,0,0,0,1,0.49359
0,0,0,1,0,2,0,0,0,4,1,0,1,1,0,0.71845
1,0,0,0,0,4,0,2,0,0,1,1,1,0,0,0.62193
0,0,0,0,1,2,2,0,0,2,0,1,1,0,1,0.27847
0,0,0,1,0,0,2,2,0,2,1,0,0,0,2,0.70478
0,0,1,0,0,0,0,4,0,2,1,1,0,0,1,1.02503
0,0,0,0,1,0,0,2,2,2,1,1,0,1,0,0.32059
0,1,0,0,0,0,0,0,2,4,2,0,0,1,0,1.08695
1,0,0,0,0,0,2,0,4,0,0,1,2,0,0,0.34719
0,0,0,1,0,4,0,2,0,0,0,0,1,1,1,0.90171
0,0,0,1,0,2,4,0,0,0,1,2,0,0,0,0.79934
0,0,0,1,0,4,0,0,2,0,2,1,0,0,0,0.72953
0,1,0,0,0,2,0,0,2,2,1,1,0,0,1,1.17447
0,0,0,0,1,2,0,2,0,2,1,0,0,2,0,0.43841
0,1,0,0,0,0,0,2,0,4,0,2,1,0,0,1.17137
0,0,1,0,0,2,0,0,2,2,0,0,0,1,2,0.97329
0,1,0,0,0,2,2,0,2,0,1,0,1,0,1,1.10999
0,0,0,1,0,2,0,0,2,2,0,1,1,1,0,0.72437
1,0,0,0,0,2,0,0,0,4,0,0,0,2,1,0.52451
1,0,0,0,0,0,0,0,4,2,2,0,1,0,0,0.36583
0,0,0,0,1,0,0,2,2,2,1,1,1,0,0,0.40290
0,1,0,0,0,0,0,4,2,0,0,0,0,1,2,1.21708
0,0,0,0,1,0,2,0,2,2,0,0,1,0,2,0.27755
0,0,1,0,0,2,0,0,4,0,1,0,2,0,0,0.96246
0,0,1,0,0,4,0,2,0,0,0,1,1,0,1,1.12981
0,0,1,0,0,0,2,0,2,2,1,0,0,1,1,0.83744
1,0,0,0,0,0,0,2,4,0,1,1,0,1,0,0.55394
0,0,0,1,0,0,2,0,4,0,1,0,1,0,1,0.61272
